level_0,index,word,sentence,context,wc,surprisal,top_pred_1830,top_pred_1840,top_pred_1850,top_pred_1860,top_pred_1870,top_pred_1880,top_pred_1890,top_pred_1900,top_pred_1910,top_pred_1920,top_pred_1930,top_pred_1940,top_pred_1950,top_pred_1960,top_pred_1970,top_pred_1980,top_pred_1990
131,7879,1999,"<p> a witness told us they saw her being picked up in a car right in front of the hospital on april 9 , 1999","<p> a witness told us they saw her being picked up in a car right in front of the hospital on april 9 ,",1211,tensor(2.2488),and,and,16@@,1861,1875,and,and,100@@,1914,and,and,1941,1950,1963,1972,1986,1994
205,8181,1999,"<p> july 20 , 1999","<p> july 20 ,",1211,tensor(2.5903),16@@,1842,17@@,1825,1869,188@@,and,17@@,1918,1925,1939,19@@,1950,1962,1973,1981,2008
37,7543,1999,"<p> geno capoletti wilson <p> born : may 24 , 1981 <p> age at crime : 17 <p> crime : robbery , murder <p> on death row since : dec. 10 , 1999","<p> geno capoletti wilson <p> born : may 24 , 1981 <p> age at crime : 17 <p> crime : robbery , murder <p> on death row since : dec. 10 ,",1211,tensor(2.6213),16@@,1837,185@@,1864,13@@,189@@,189@@,17@@,1916,1923,1931,1941,19@@,1963,1971,1982,1991
49,8477,1999,"<p> july 16 , 1999","<p> july 16 ,",1211,tensor(2.4888),16@@,1840,17@@,1863,1869,188@@,and,17@@,1918,1924,1939,19@@,1950,1962,1973,1981,2008
138,7367,1999,in fiscal 1999,in fiscal,1211,tensor(2.3136),operations,affairs,year,year,matters,and,legislation,circles,year,year,1938,year,1957,1967,1979,1983,1993
13,7373,1999,"<p> shermain ali johnson <p> born : dec. 30 , 1977 <p> age at crime : 16 crime : rape , murder <p> on death row since : feb. 22 , 1999","<p> shermain ali johnson <p> born : dec. 30 , 1977 <p> age at crime : 16 crime : rape , murder <p> on death row since : feb. 22 ,",1211,tensor(2.5342),16@@,1837,185@@,1863,13@@,1867,189@@,183@@,191@@,1914,1931,1941,19@@,1963,1971,1983,1991
147,8025,1999,fai still owed large reinsurance payments and lost $70 million in fiscal 1999,fai still owed large reinsurance payments and lost $70 million in fiscal,1211,tensor(2.3022),transactions,affairs,year,year,notes,year,year,year,year,year,1938,1941,1956,1962,1972,1986,1993
32,7929,1999,"top and bottom : tom lundberg-hot water , 1991 , cotton , silk , metallic yarns UNK ; scott roth stein-embroidery #33,1999","top and bottom : tom lundberg-hot water , 1991 , cotton , silk , metallic yarns UNK ; scott roth stein-embroidery #33",1211,tensor(0.7332),",",",",the,",",",",;,;,;,",",.,;,;,;,",",;,;,","
12,8079,1999,<p> in agreements signed in 1998 and 1999,<p> in agreements signed in 1998 and,1211,tensor(2.0120),8,in,168@@,17@@,16@@,17@@,signed,in,19@@,18@@,in,the,signed,1963,the,the,the
163,8016,1999,"photograph "" my mother and her family are from el salvador , so i wanted to help when the war ended and the country was going through transitions "" sidebar snapshots of christy sidebar 1969 born on january 2 , in walnut creek , california 1983 discovered by photographer dennie cody while horsebackriding in coral gables , florida UNK for the chain store emporium capwell sidebar 1985 at age 16 , eileen ford sent christy to new york 's most noted magazines and photographers 1986 fl cover shot for vogue in italy established her as a highprofile model 1994 quit runway modeling 1997 enrolled at new york university sidebar 1998 key witness in senator lautenberg 's national field hearing on tobacco 1999","photograph "" my mother and her family are from el salvador , so i wanted to help when the war ended and the country was going through transitions "" sidebar snapshots of christy sidebar 1969 born on january 2 , in walnut creek , california 1983 discovered by photographer dennie cody while horsebackriding in coral gables , florida UNK for the chain store emporium capwell sidebar 1985 at age 16 , eileen ford sent christy to new york 's most noted magazines and photographers 1986 fl cover shot for vogue in italy established her as a highprofile model 1994 quit runway modeling 1997 enrolled at new york university sidebar 1998 key witness in senator lautenberg 's national field hearing on tobacco",1211,tensor(0.3179),residence,residence,lander,lander,of,8,es,"""",7,.,5,ling,ing,the,york,",",the
282,10077,2001,"<p> business experience : board of directors , bright horizons family solutions and easylink services , present ; chairman , president and ceo , aetna , 2000-2001","<p> business experience : board of directors , bright horizons family solutions and easylink services , present ; chairman , president and ceo , aetna , 2000",1597,tensor(0.5456),00,;,secretary,;,;,;,shares,;,;,;,.,;,;,.,;,.,;
457,8724,2001,"on or about august 9 and august 10 , 2001","on or about august 9 and august 10 ,",1597,tensor(0.5463),and,and,and,the,1872,the,when,the,the,when,when,1941,when,and,1972,the,the
359,10055,2001,"between on or about february 26 , 2001 , and on or about may 29 , 2001","between on or about february 26 , 2001 , and on or about may 29 ,",1597,tensor(0.4441),the,the,the,1863,the,may,19@@,18@@,the,17@@,18@@,1942,1954,the,the,the,the
412,9538,2001,<p> in the first half of the 2000-2001,<p> in the first half of the 2000,1597,tensor(0.5523),",",pages,",",years,.,",",men,pes@@,cases,miles,years,years,years,'s,",",pages,season
348,9681,2001,<p> mayde creek 1991 - reunion in 2001,<p> mayde creek 1991 - reunion in,1597,tensor(0.2830),16@@,the,the,the,the,the,the,the,the,the,the,the,the,the,the,the,the
298,9332,2001,<p> la marque 1981 - reunion in 2001,<p> la marque 1981 - reunion in,1597,tensor(0.1605),the,the,the,the,the,the,the,the,the,the,the,the,the,the,the,the,the
289,9583,2001,"on or about august 28 , 2001","on or about august 28 ,",1597,tensor(0.5544),and,and,when,and,1872,and,when,the,or,when,when,1940,when,1966,the,the,the
276,8684,2001,"<p> in kabul <p> population estimate <p> nov. 2001 1.3 million <p> nov. 2002 2.3 million <p> female school enrollment <p> nov. 2001 0 <p> nov. 2002 263,427 <p> bakeries run by women <p> nov. 2001 0 <p> nov. 2002 24 <p> stores selling televisions <p> nov. 2001 11 <p> nov. 2002 84 <p> restaurants selling alcohol <p> nov. 2001","<p> in kabul <p> population estimate <p> nov. 2001 1.3 million <p> nov. 2002 2.3 million <p> female school enrollment <p> nov. 2001 0 <p> nov. 2002 263,427 <p> bakeries run by women <p> nov. 2001 0 <p> nov. 2002 24 <p> stores selling televisions <p> nov. 2001 11 <p> nov. 2002 84 <p> restaurants selling alcohol <p> nov.",1597,tensor(0.7429),",",1@@,2@@,13@@,.,2@@,2,1,3,10,26,29,1,1,24,1,15
395,8809,2001,"on or about august 29 , 2001","on or about august 29 ,",1597,tensor(0.5688),and,and,16@@,and,1872,and,when,and,or,when,when,1941,when,1966,the,and,the
363,9127,2001,"on or about august 26 , 2001 , waleed al-shehri and wail al-shehri made reservations on american airlines flight 11 , from boston , massachusetts , to los angeles , california , scheduled for september 11 , 2001","on or about august 26 , 2001 , waleed al-shehri and wail al-shehri made reservations on american airlines flight 11 , from boston , massachusetts , to los angeles , california , scheduled for september 11 ,",1597,tensor(0.5745),1831,15@@,185@@,1863,1875,17@@,18@@,1906,1864,to,1939,1943,1953,1961,and,199@@,1995
542,10397,2002,last victory : november 2002,last victory : november,1440,tensor(0.4882),",",",",",",",",19,",",",",4,",",",",1,",",",",",",26,",",","
539,11375,2002,last victory : july 2002,last victory : july,1440,tensor(0.8465),",",",",1,",",19,1,",",4,",",",",1,",",1,7,1,1,28
515,11191,2002,"8 james mellick capital university schumacher gallery - living word lectern , 2002","8 james mellick capital university schumacher gallery - living word lectern ,",1440,tensor(1.3051),&c.;,p.,a,"""",in,the,"""","""",the,the,the,and,a,the,a,music,home
613,10623,2002,in four incidents in 2001 and 2002,in four incidents in 2001 and,1440,tensor(2.1342),the,16@@,the,3@@,8@@,in,in,in,the,2@@,the,3@@,in,18@@,the,the,the
735,11089,2002,<p> michigan 's office of drug control policy called such a meeting in march 2002,<p> michigan 's office of drug control policy called such a meeting in march,1440,tensor(2.0939),",",",",",",",",",",",",",",",",",",",",",",",",",",",",",",",",","
749,10246,2002,"<p> in kabul <p> population estimate <p> nov. 2001 1.3 million <p> nov. 2002 2.3 million <p> female school enrollment <p> nov. 2001 0 <p> nov. 2002 263,427 <p> bakeries run by women <p> nov. 2001 0 <p> nov. 2002 24 <p> stores selling televisions <p> nov. 2001 11 <p> nov. 2002 84 <p> restaurants selling alcohol <p> nov. 2001 0 <p> nov. 2002","<p> in kabul <p> population estimate <p> nov. 2001 1.3 million <p> nov. 2002 2.3 million <p> female school enrollment <p> nov. 2001 0 <p> nov. 2002 263,427 <p> bakeries run by women <p> nov. 2001 0 <p> nov. 2002 24 <p> stores selling televisions <p> nov. 2001 11 <p> nov. 2002 84 <p> restaurants selling alcohol <p> nov. 2001 0 <p> nov.",1440,tensor(1.5192),2@@,1@@,5@@,to@@,.,2@@,19@@,1,1,10,27,29,<p>,7,1,1,15
730,10901,2002,last victory : june 2002,last victory : june,1440,tensor(0.6143),",",",",",",",",18,",",11,4,",",",",1,",",14,7,30,30,25
631,10707,2002,last victory : march 2002,last victory : march,1440,tensor(0.9957),",",2,1,",",18,",",",",4,",",",",",",",",1,3,4,1,25
657,11345,2002,last victory : september 2002,last victory : september,1440,tensor(0.7162),",",",",",",",",19,",",",",",",",",",",",",",",",",",",",",',","
721,10270,2002,"2 charles paul savoie scherer gallery - purple thickett , 2002","2 charles paul savoie scherer gallery - purple thickett ,",1440,tensor(1.1648),and,and,with,and,and,and,with,a,and,the,who,and,the,a,white,green,$
922,1765,2004,<p> copyright 2004,<p> copyright,1336,tensor(1.7562),",",",",",",",",",",",",",",",",",",",",of,by,:,by,1,:,tra@@
938,2100,2004,<p> copyright 2004,<p> copyright,1336,tensor(1.7562),",",",",",",",",",",",",",",",",",",",",of,by,:,by,1,:,tra@@
963,1591,2004,"<p> sources : nasa , diamondregistry.com <p> copyright 2004","<p> sources : nasa , diamondregistry.com <p> copyright",1336,tensor(1.3905),",",",",",",",",.,",",",",",",",",",",of,.,",",1962,.,.,tra@@
822,1365,2004,<p> copyright 2004,<p> copyright,1336,tensor(1.7562),",",",",",",",",",",",",",",",",",",",",of,by,:,by,1,:,tra@@
953,1262,2004,<p> copyright 2004,<p> copyright,1336,tensor(1.7562),",",",",",",",",",",",",",",",",",",",",of,by,:,by,1,:,tra@@
874,1163,2004,<p> copyright 2004,<p> copyright,1336,tensor(1.7562),",",",",",",",",",",",",",",",",",",",",of,by,:,by,1,:,tra@@
884,1101,2004,<p> copyright 2004,<p> copyright,1336,tensor(1.7562),",",",",",",",",",",",",",",",",",",",",of,by,:,by,1,:,tra@@
966,1898,2004,"<p> sources : intel , the yankee group , park associates , ced <p> copyright 2004","<p> sources : intel , the yankee group , park associates , ced <p> copyright",1336,tensor(1.2892),",",",",",",",",",",",",",",",",",",",",owner,",",",",by,.,.,1996
863,1425,2004,"south korea 116,543 <p> sources : gregg marland and tom boden of oak ridge national laboratory in tennessee and bob andres of the university of north dakota <p> copyright 2004","south korea 116,543 <p> sources : gregg marland and tom boden of oak ridge national laboratory in tennessee and bob andres of the university of north dakota <p> copyright",1336,tensor(1.4963),",",",",",",",",",",",",",",",",",",",",of,1947,:,by,by,:,william
948,1481,2004,"the 2006 elections , coming on top of their gains in 2002 and 2004","the 2006 elections , coming on top of their gains in 2002 and",1336,tensor(1.4299),the,15@@,5@@,in,8@@,in,the,19@@,the,the,7@@,19@@,the,the,16@@,the,the
1044,6029,anymore,i 'm not a kid anymore,i 'm not a kid,1565,tensor(1.8236),",",",",",",",",",",.,",",",",",",",",.,",",.,.,.,.,anymore
1059,5638,anymore,my family 's not there anymore,my family 's not there,1565,tensor(2.0410),",",",",",",.,.,",",",",.,.,.,.,.,.,.,.,.,","
1060,4667,anymore,but since the booming started you do n't really hear birds anymore,but since the booming started you do n't really hear birds,1565,tensor(1.7244),",",sing,",",singing,",",",",",",",",.,.,.,",",.,.,",",.,.
1120,5261,anymore,"so he simply lugged it , leaning to one side , not quite believing again how heavy it was , all the time falling farther and farther behind the other passengers , until he could n't see them anymore","so he simply lugged it , leaning to one side , not quite believing again how heavy it was , all the time falling farther and farther behind the other passengers , until he could n't see them",1565,tensor(2.5738),.,",",.,.,.,.,.,.,.,.,.,.,.,.,.,.,.
1045,5825,anymore,which is why he hardly ever goes to that city anymore,which is why he hardly ever goes to that city,1565,tensor(2.1548),.,.,",",.,.,.,.,.,.,.,.,.,.,.,.,.,.
1089,5835,anymore,she sits there tap-tapping and looking like she ca n't take it anymore,she sits there tap-tapping and looking like she ca n't take it,1565,tensor(1.3096),.,.,",",",",.,.,.,.,.,.,.,.,.,.,.,.,anymore
1220,4623,anymore,but the world did n't work like that anymore,but the world did n't work like that,1565,tensor(2.2086),",",",",.,.,.,.,.,.,.,.,.,.,.,.,.,.,.
1219,4912,anymore,"<p> "" it 's like i do n't exist anymore","<p> "" it 's like i do n't exist",1565,tensor(2.5014),",",to,",",.,.,.,.,.,.,.,.,.,.,.,.,",",","
1160,5029,anymore,"but if you ask the sisters to stand , now you 're talking 4,500 and you ca n't even see the brothers anymore","but if you ask the sisters to stand , now you 're talking 4,500 and you ca n't even see the brothers",1565,tensor(2.4816),",",.,.,and,.,.,.,and,.,.,and,.,',.,.,.,'
1093,5515,anymore,"graham wrote in to sympathize about bart , and later explained why , in her 50th year , kygo is the preset on her car radio and the background sound to UNK phase 30 years ago , and i do n't want to do it anymore","graham wrote in to sympathize about bart , and later explained why , in her 50th year , kygo is the preset on her car radio and the background sound to UNK phase 30 years ago , and i do n't want to do it",1565,tensor(2.3414),.,.,.,",",.,.,.,.,.,.,.,.,.,.,.,again,.
1280,4167,atlanta,atlantic stations inset map of metro atlanta,atlantic stations inset map of metro,1360,tensor(0.1064),",",",",and,'s,sa@@,",",",",",",baths,",",",",",",",",",",",",",",atlanta
1465,3860,atlanta,<p> transportation <p> traffic <p> traffic in metro atlanta,<p> transportation <p> traffic <p> traffic in metro,1360,tensor(0.0278),",",",",and,du@@,pot@@,",",",",",",ber@@,",",",",",",",",.,",",",",atlanta
1326,3827,atlanta,<p> that could help establish the pattern for growth strategies across metro atlanta,<p> that could help establish the pattern for growth strategies across metro,1360,tensor(0.3592),",",",",'s,and,",",.,",",.,and,and,.,and,",",.,.,.,atlanta
1319,3306,atlanta,<p> the at &t; empire <p> at &t; is now a major employer and corporate player in metro atlanta,<p> the at &t; empire <p> at &t; is now a major employer and corporate player in metro,1360,tensor(0.0552),",",",",",",'s,;,;,",",",",.,.,.,.,",",'s,.,",",atlanta
1261,3626,atlanta,<p> police escort would make commute calmer <p> regarding the traffic problems in metro atlanta,<p> police escort would make commute calmer <p> regarding the traffic problems in metro,1360,tensor(0.0623),",",.,and,",",va@@,.,",",.,.,",",.,",",",",.,",",",",atlanta
1397,3940,atlanta,many of the 830 iraqis living in metro atlanta,many of the 830 iraqis living in metro,1360,tensor(0.4379),",",",",",",",",va@@,",",",",",",baths,",",",",",",",",",",",",",",atlanta
1380,4431,atlanta,inset map highlights area in relation to metro atlanta,inset map highlights area in relation to metro,1360,tensor(0.2339),",",",",and,'s,du@@,.,mai@@,",",baths,",",",",and,street,.,",",",",atlanta
1405,3903,atlanta,"<p> "" i heard this location on cobb parkway was very favorable , "" naito says amid a recent noon-hour rush at tomo , now touted as one of the best restaurants in metro atlanta","<p> "" i heard this location on cobb parkway was very favorable , "" naito says amid a recent noon-hour rush at tomo , now touted as one of the best restaurants in metro",1360,tensor(0.0716),",",.,.,street,sa@@,.,par@@,",",baths,.,.,.,",",.,.,",",atlanta
1355,4521,atlanta,"<p> rhonda cook <p> transportation <p> once again , leaders in metro atlanta","<p> rhonda cook <p> transportation <p> once again , leaders in metro",1360,tensor(0.1293),",",",",",",du@@,",",",",ma@@,",",",",",",",",",",",",racing,and,",",atlanta
1422,4419,atlanta,sunday 's sunrise service atop stone mountain is a tradition that also will attract worshippers from throughout metro atlanta,sunday 's sunrise service atop stone mountain is a tradition that also will attract worshippers from throughout metro,1360,tensor(0.0334),",",.,and,'s,",",.,par@@,and,and,",",.,and,.,times,.,.,atlanta
1601,995,basketball,<p> ... <p> jones boys basketball,<p> ... <p> jones boys,1031,tensor(0.5356),",",...,of,",",",",",",",",",",",",<p>,<p>,<p>,',<p>,",",<p>,<p>
1738,153,basketball,<p> ... <p> chavez boys basketball,<p> ... <p> chavez boys,1031,tensor(0.6693),",",",",.,",",",",",",",",",",in,<p>,<p>,",",",",<p>,",",<p>,<p>
1630,318,basketball,i had also played baseball and basketball,i had also played baseball and,1031,tensor(0.7471),his,ball,ball,the,other,whist,played,football,played,played,played,had,had,the,played,basketball,football
1713,496,basketball,<p> basketball camp <p> milby high school will conduct its 27th annual boys basketball,<p> basketball camp <p> milby high school will conduct its 27th annual boys,1031,tensor(0.6676),to,to,to,to,to,to,and,',',',',in,',championship,game,',basketball
1719,344,basketball,<p> <p> girls hoops league <p> the west houston girls basketball,<p> <p> girls hoops league <p> the west houston girls,1031,tensor(0.5295),",",and,",",",",',",",of,",",',college,',<p>,<p>,',',',league
1729,456,basketball,"enrollment : 1,525 mascot : panthers colors : steel gray &; maroon web site : www.vuu.edu ebony fathers ... and the sons who walk in their footsteps the ciaa salutes johnson c. smith university 's men 's basketball head coach steve joyner and his son , johnson c. smith university 's top assistant women 's basketball","enrollment : 1,525 mascot : panthers colors : steel gray &; maroon web site : www.vuu.edu ebony fathers ... and the sons who walk in their footsteps the ciaa salutes johnson c. smith university 's men 's basketball head coach steve joyner and his son , johnson c. smith university 's top assistant women 's",1031,tensor(0.5739),",",children,works,chair,girls,women,club,clubs,club,league,league,league,doubles,championships,basketball,basketball,basketball
1611,354,basketball,<p> kinkaid <p> boys basketball,<p> kinkaid <p> boys,1031,tensor(0.7803),",",",",.,",",",",",",",",",",",",of,<p>,<p>,and,<p>,and,<p>,<p>
1667,329,basketball,<p> but belmont 's men 's basketball,<p> but belmont 's men 's,1031,tensor(0.5311),own,minds,wives,men,wives,men,club,men,wives,women,club,union,wear,game,stories,team,style
1726,254,basketball,<p> milby boys basketball,<p> milby boys,1031,tensor(1.0246),",",",",.,",",",",",",",",",",and,",",.,",",",",.,",",",",<p>
1535,877,basketball,<p> jones girls basketball,<p> jones girls,1031,tensor(0.4062),",",",",",",",",",",",",",",",",",",",",",",",",",",",",",",",",'
1799,16749,billion,the bethesda-based managed health care company said revenue increased to $1.38 billion from $1.22 billion,the bethesda-based managed health care company said revenue increased to $1.38 billion from $1.22,2039,tensor(0.0258),.,to,to,to,to,to,to,per,to,to,to,to,to,billion,million,billion,billion
1822,18454,billion,"revenue rose 19.4 percent , to $1.83 billion from $1.53 billion","revenue rose 19.4 percent , to $1.83 billion from $1.53",2039,tensor(0.0345),",",to,to,to,to,to,to,to,to,to,to,to,to,billion,billion,billion,billion
1790,17758,billion,"the legal capital outflows enabled by the 1996 current account reforms considerably exceeded the illegal outflows that the errors and omissions line is thought to have embodied ; for example , the swing on errors and omissions in 2002 was dwarfed by the swing of us$65 billion in "" other investment "" outflows , from an expansion of external assets of us$44 billion in 2000 to a contraction of external assets of us$21 billion in 2001 , not to mention the reverse swing of us$24 billion","the legal capital outflows enabled by the 1996 current account reforms considerably exceeded the illegal outflows that the errors and omissions line is thought to have embodied ; for example , the swing on errors and omissions in 2002 was dwarfed by the swing of us$65 billion in "" other investment "" outflows , from an expansion of external assets of us$44 billion in 2000 to a contraction of external assets of us$21 billion in 2001 , not to mention the reverse swing of us$24",2039,tensor(0.0368),.,per,in,",",",",",",",",in,per,per,",",billion,billion,billion,billion,million,billion
1940,17871,billion,"intel will invest $1 billion in india over the next five years ; cisco , another $1.1 billion","intel will invest $1 billion in india over the next five years ; cisco , another $1.1",2039,tensor(0.0623),.,00,.,",",",",.,per,per,per,",",",",billion,billion,billion,billion,billion,billion
1814,16894,billion,"exxon corporation , alaska , and the united states entered into a $1 billion","exxon corporation , alaska , and the united states entered into a $1",2039,tensor(0.0706),.,per,of,act,50,of,50,",",check,bond,annual,billion,billion,billion,million,billion,billion
1869,16689,billion,"revenue in the period ended oct. 30 rose 3 percent , to $4.46 billion","revenue in the period ended oct. 30 rose 3 percent , to $4.46",2039,tensor(0.0780),",",.,",",",",",",",",",",",",",",a,.,.,",",million,.,billion,million
1891,18002,billion,"<p> neighborcare of baltimore rejected a $1.33 billion buyout offer from rival omnicare , which controls about a third of the $7 billion","<p> neighborcare of baltimore rejected a $1.33 billion buyout offer from rival omnicare , which controls about a third of the $7",2039,tensor(0.0876),.,5@@,per,per,50,",",per,per,.,a,",",billion,million,billion,billion,billion,billion
1908,17347,billion,"for the year , earnings were $8.13 billion on $136.9 billion in revenue , up from $4.74 billion on $105.1 billion in 2003 UNK billion , from $2.1 billion","for the year , earnings were $8.13 billion on $136.9 billion in revenue , up from $4.74 billion on $105.1 billion in 2003 UNK billion , from $2.1",2039,tensor(0.1041),to,.,4@@,",",2@@,7@@,to,per,to,to,to,billion,billion,billion,billion,billion,billion
1943,17486,billion,america 's leading arts organization is recommitting itself to its bold founding vision and lifting the curtain on its $1.2 billion,america 's leading arts organization is recommitting itself to its bold founding vision and lifting the curtain on its $1.2,2039,tensor(0.1128),.,//,//,.,o'clock,"""",lines,the,a,dividend,",",billion,billion,billion,billion,billion,billion
1953,17077,billion,"<p> fidelity investments ' earnings rose 23 percent in 2004 , to $1.1 billion","<p> fidelity investments ' earnings rose 23 percent in 2004 , to $1.1",2039,tensor(0.0753),.,per,the,",",",",",",",",per,per,",",.,billion,billion,billion,billion,billion,billion
2221,12781,environmental,"only one person developed diarrhea , the doctors reported in 1997 in wilderness and environmental","only one person developed diarrhea , the doctors reported in 1997 in wilderness and",1277,tensor(3.1334),in,in,in,in,in,forest,in,in,in,in,in,in,country,soil,the,in,wilderness
2048,12077,environmental,<p> the post asserts that the blm 's proposed regulations ' could upset the delicate political and environmental,<p> the post asserts that the blm 's proposed regulations ' could upset the delicate political and,1277,tensor(3.0726),political,social,social,the,political,political,social,social,industrial,economic,economic,economic,economic,social,economic,social,economic
2182,12490,environmental,"<p> consider : <p> * for the first time ever , lawn equipment , fertilizer , and pesticide industry representatives have joined with environmental groups and the environmental","<p> consider : <p> * for the first time ever , lawn equipment , fertilizer , and pesticide industry representatives have joined with environmental groups and the",1277,tensor(2.8283),whole,whole,second,public,general,same,best,like,like,like,like,new,public,food,u.s.,environmental,national
2172,12369,environmental,www.cepnyc.org the council on economic priorities analyzes and publishes the social and environmental,www.cepnyc.org the council on economic priorities analyzes and publishes the social and,1277,tensor(3.0251),political,moral,political,political,political,political,political,political,industrial,economic,economic,economic,economic,economic,economic,political,economic
2191,11947,environmental,the epa expresses concern about environmental,the epa expresses concern about,1277,tensor(3.0201),the,the,the,the,the,the,the,the,the,the,the,the,the,the,the,the,the
2023,11586,environmental,ski resorts employ a number of techniques to combat and minimize environmental,ski resorts employ a number of techniques to combat and minimize,1277,tensor(2.8126),",",the,.,the,the,the,the,the,the,the,the,the,the,the,the,the,the
2075,11994,environmental,"<p> during the 1990s , acid deposition in the northeast finally began to decline as a result of the 1990 law , and the epa , along with a number of leading environmental","<p> during the 1990s , acid deposition in the northeast finally began to decline as a result of the 1990 law , and the epa , along with a number of leading",1277,tensor(2.1042),parts,imponderable,and,families,persons,elements,republicans,causes,men,industrial,corporations,cases,physicians,citizens,chemical,environmental,environmental
2091,12812,environmental,"a vision , he failed to note , that calls for creating "" a global center dedicated to addressing the world 's most critical environmental","a vision , he failed to note , that calls for creating "" a global center dedicated to addressing the world 's most critical",1277,tensor(2.2762),and,eye,and,and,and,and,and,and,and,and,people,powers,and,and,institutions,problems,and
2073,12323,environmental,the examples draw from three different statutory provisions : the clean water act 's water quality criteria standards ; the national environmental,the examples draw from three different statutory provisions : the clean water act 's water quality criteria standards ; the national,1277,tensor(2.1576),air,air,guard,heat,currency,character,bank,bank,character,bank,water,health,conservation,health,health,energy,air
2029,12526,environmental,"second are those who once worked full time as environmental health practitioners but have been out of the field for a significant number of years with little or no contact with the "" real world "" of environmental","second are those who once worked full time as environmental health practitioners but have been out of the field for a significant number of years with little or no contact with the "" real world "" of",1277,tensor(2.8087),the,the,the,the,the,the,the,thought,the,the,the,the,the,the,the,the,the
2476,20082,global,"participants and honorees of the fourth annual outstanding women in marketing and communications award luncheon are gayle cruise , group marketing &; communications , microsoft corporation ; deidre a. smalls , vp group management supervisor , grey global","participants and honorees of the fourth annual outstanding women in marketing and communications award luncheon are gayle cruise , group marketing &; communications , microsoft corporation ; deidre a. smalls , vp group management supervisor , grey",1654,tensor(2.7613),with,matter,",",boots,&;,",",",",&;,",",",",",",",",",",",",",",&;,&;
2422,18734,global,"finally , over the past century , we have created a truly global","finally , over the past century , we have created a truly",1654,tensor(3.3792),powerful,beautiful,great,christian,ideal,national,national,new,national,great,new,great,new,national,new,new,new
2380,19009,global,"photograph participants and honorees of the fourth annual outstanding women in marketing UNK cruise , group marketing &; communications , microsoft corporation ; deidre a. smalls , vp group management supervisor , grey global","photograph participants and honorees of the fourth annual outstanding women in marketing UNK cruise , group marketing &; communications , microsoft corporation ; deidre a. smalls , vp group management supervisor , grey",1654,tensor(2.7600),grey,",",and,boots,&;,",",",",&;,",",",",",",house,",",",",",",&;,&;
2356,19777,global,author affiliation greg pahl is the author of the citizenpowered energy handbook : community solutions to a global,author affiliation greg pahl is the author of the citizenpowered energy handbook : community solutions to a,1654,tensor(2.4119),man,great,very,man,man,certain,large,certain,point,national,world,problem,problem,problem,problem,problem,global
2308,19915,global,the emergence of a global economy and global corporations plus the ability to form transnational coalitions to promote reforms on a global,the emergence of a global economy and global corporations plus the ability to form transnational coalitions to promote reforms on a,1654,tensor(2.2102),foreign,scale,large,scale,basis,basis,basis,basis,large,sound,basis,national,basis,national,global,global,scale
2298,19827,global,"size is one important determinant as future major catastrophes will no doubt demonstrate but uniqueness also counts , as it brings new aspects of the global","size is one important determinant as future major catastrophes will no doubt demonstrate but uniqueness also counts , as it brings new aspects of the",1654,tensor(3.2462),subject,character,future,subject,problem,present,old,subject,situation,problem,situation,problem,problem,game,life,work,human
2353,19240,global,"the environmental dilemma is how and whether developing countries , including china and india , can pass through the developing and developed stages of high environmental degradation and natural-resource depletion to the higher per capita income of their maturity-when environmental preservation predominates - without irreversibly damaging the global","the environmental dilemma is how and whether developing countries , including china and india , can pass through the developing and developed stages of high environmental degradation and natural-resource depletion to the higher per capita income of their maturity-when environmental preservation predominates - without irreversibly damaging the",1654,tensor(3.3518),most,moral,natural,public,principle,general,moral,social,status,whole,economic,economic,whole,effects,possibility,nation,environment
2417,19127,global,"worldwide , the pressure of global","worldwide , the pressure of",1654,tensor(3.3670),the,the,the,the,the,the,the,the,the,the,the,the,the,the,the,the,the
2263,19371,global,action research in the social studies curriculum <p> key words : global understanding ; global interdependence ; human rights education ; civics and human rights <p> key words : global understanding ; global,action research in the social studies curriculum <p> key words : global understanding ; global interdependence ; human rights education ; civics and human rights <p> key words : global understanding ;,1654,tensor(1.9115),and,the,the,the,di@@,the,and,the,the,the,christ,the,<p>,international,the,and,global
2440,19791,global,the world 's finance ministers wonder out loud if they should risk triggering a global,the world 's finance ministers wonder out loud if they should risk triggering a,1654,tensor(3.4002),man,battle,great,war,man,little,little,man,great,year,war,new,new,policy,recession,strike,new
2645,2456,iraqi,"<p> text within graphic begins here <p> iraqi sites visted by united nations weapons inspectors <p> inspection teams : <p> international atomic energy agency <p> united nations monitoring , verification and inspection commission <p> date <p> facilty <p> reason for inspection <p> *** <p> november 27 <p> al-tahidi , scientific research center <p> previously linked to nuclear program <p> november 27 <p> al-rafah , missil UNK used for pencils of missile batteries <p> novermber 28 <p> al-dawrah , foot and mouth disease vaccination laboratory <p> biological weapons had been found and tagged by previous inspectors <p> november 28 <p> dhu al-fiqar and al-nasr , factories producing small-arms ammunition and heavy machinery <p> factories also could make biological weapons <p> november 30 <p> al-qa qaa , missile facility involved in nuclear research <p> inspectors removed previously installed air samplers <p> november 30 <p> al-meelad , electronic research company <p> former al-furat centrifuge facility ; once part of nuclear weapons program <p> november 30 <p> am al-maarik , tool manufacturing plant <p> facility can support nuclear weapons development <p> november 30 <p> balad chemical defense battalion , army post home to the chemical corps directorate of the iraqi ministry of defense <p> provides military training for biological , chemical and radiological defense <p> december 1 <p> khan bani saad , agriculture ministry airfield <p> may have once tested a helicopter-mounted device for spraying chemical or biological weapons <p> december 1 <p> ibn fernas , military industrial compound <p> once linked to iraq 's uranium enrichment program <p> december 2 UNK <p> one of iraq 's principal missile development sites ; equipment tagged during 1998 inspection was not there during recent inspection <p> december 2 <p> bakuba , the alcoholic beverage factories <p> suspected that iraqis may have stored weapons there , but inspectors turned up nothing <p> december 3 <p> sijood palace , the first of saddam hussein 's palaces to be inspected <p> looked for records or documents relating to weapons of mass destruction <p> december 4 <p> al-muthanna , military plant that once housed iraq 's chemical weapons program <p> found aging mustard gas shells , which had been identified by previous inspectors <p> december 4 <p> al-tuwaitha , iraqi","<p> text within graphic begins here <p> iraqi sites visted by united nations weapons inspectors <p> inspection teams : <p> international atomic energy agency <p> united nations monitoring , verification and inspection commission <p> date <p> facilty <p> reason for inspection <p> *** <p> november 27 <p> al-tahidi , scientific research center <p> previously linked to nuclear program <p> november 27 <p> al-rafah , missil UNK used for pencils of missile batteries <p> novermber 28 <p> al-dawrah , foot and mouth disease vaccination laboratory <p> biological weapons had been found and tagged by previous inspectors <p> november 28 <p> dhu al-fiqar and al-nasr , factories producing small-arms ammunition and heavy machinery <p> factories also could make biological weapons <p> november 30 <p> al-qa qaa , missile facility involved in nuclear research <p> inspectors removed previously installed air samplers <p> november 30 <p> al-meelad , electronic research company <p> former al-furat centrifuge facility ; once part of nuclear weapons program <p> november 30 <p> am al-maarik , tool manufacturing plant <p> facility can support nuclear weapons development <p> november 30 <p> balad chemical defense battalion , army post home to the chemical corps directorate of the iraqi ministry of defense <p> provides military training for biological , chemical and radiological defense <p> december 1 <p> khan bani saad , agriculture ministry airfield <p> may have once tested a helicopter-mounted device for spraying chemical or biological weapons <p> december 1 <p> ibn fernas , military industrial compound <p> once linked to iraq 's uranium enrichment program <p> december 2 UNK <p> one of iraq 's principal missile development sites ; equipment tagged during 1998 inspection was not there during recent inspection <p> december 2 <p> bakuba , the alcoholic beverage factories <p> suspected that iraqis may have stored weapons there , but inspectors turned up nothing <p> december 3 <p> sijood palace , the first of saddam hussein 's palaces to be inspected <p> looked for records or documents relating to weapons of mass destruction <p> december 4 <p> al-muthanna , military plant that once housed iraq 's chemical weapons program <p> found aging mustard gas shells , which had been identified by previous inspectors <p> december 4 <p> al-tuwaitha ,",835,tensor(2.5131),s.,s,s.,s,the@@,",",t,i@@,.,g,<p>,zoo@@,an,<p>,his,leaders,ser
2629,2939,iraqi,position regardless of the existing soviet-iraqi,position regardless of the existing soviet,835,tensor(1.1223),",",of,",",of,.,.,of,",",regime,policy,policy,regime,union,policy,military,system,union
2651,2882,iraqi,"ten years after desert storm , we are still regularly bombing iraqi targets and providing assistance to a pathetic iraqi","ten years after desert storm , we are still regularly bombing iraqi targets and providing assistance to a pathetic",835,tensor(2.2771),",",degree,and,and,and,and,degree,and,figure,and,and,nation,enemy,area,and,american,group
2559,2883,iraqi,"however , at the same time , particularly between 1958 and 1990 , soviet-iraqi","however , at the same time , particularly between 1958 and 1990 , soviet",835,tensor(0.5627),'s,",",",",",",",",",",",",",",government,russia,russia,russia,russia,trade,military,military,communism
2502,3175,iraqi,"diana g. hernandez "" UNK to iraq in support of operation iraqi","diana g. hernandez "" UNK to iraq in support of operation",835,tensor(0.7417),",",",",",",.,",",.,.,.,.,of,of,of,of,of,of,.,desert
2700,3158,iraqi,"<p> when a 1988 senate foreign relations committee staff report brought to light saddam 's policy of widespread extermination in iraqi kurdistan , senator claiborne pell introduced the prevention of genocide act to put pressure on the iraqi","<p> when a 1988 senate foreign relations committee staff report brought to light saddam 's policy of widespread extermination in iraqi kurdistan , senator claiborne pell introduced the prevention of genocide act to put pressure on the",835,tensor(2.1994),public,system,currency,head,government,public,people,part,government,government,senate,senate,government,united,u.s.,u.s.,government
2636,2622,iraqi,"<p> "" radio baghdad "" is from the point of view of an iraqi","<p> "" radio baghdad "" is from the point of view of an",835,tensor(2.4913),elevation,elaborate,arch,opposite,author,old,english,old,american,american,american,old,"""",old,american,american,international
2679,3112,iraqi,"mohammed saeed-al sahhaf , former iraqi information minister , who spoke of an iraqi","mohammed saeed-al sahhaf , former iraqi information minister , who spoke of an",835,tensor(2.4136),american,indian,expedition,english,interview,ancient,interview,old,american,attack,"""","""","""","""","""","""",""""
2618,2908,iraqi,"<p> "" fear , fear , and executions "" is how hussein maintained control , explains a former iraqi","<p> "" fear , fear , and executions "" is how hussein maintained control , explains a former",835,tensor(2.1442),course,condition,law,system,and,course,method,experience,term,enemy,state,communist,premier,president,israeli,israeli,soviet
2699,3056,iraqi,"the acute shortages of food in iraq , the inflation of up to 1000% in food prices caused by these shortages , the critical scarcity of medicine , and the essential need to reconstruct iraq 's capacity to generate electricity to enable sewage treatment and water purification , can not be addressed or rectified without iraq 's re-entry into global commerce , at UNK the immediate lifting of the sanctions would drastically reduce the number of iraqi children who will die in the upcoming months from malnutrition and disease and would relieve the suffering of the innocent iraqi","the acute shortages of food in iraq , the inflation of up to 1000% in food prices caused by these shortages , the critical scarcity of medicine , and the essential need to reconstruct iraq 's capacity to generate electricity to enable sewage treatment and water purification , can not be addressed or rectified without iraq 's re-entry into global commerce , at UNK the immediate lifting of the sanctions would drastically reduce the number of iraqi children who will die in the upcoming months from malnutrition and disease and would relieve the suffering of the innocent",835,tensor(1.6679),.,from,.,.,.,.,.,.,.,.,victims,.,.,.,.,.,.
2866,26199,movie,"UNK is now carving out nonnegotiable blocks of uninterrupted , lazy bliss on sundays , during which we spend the morning and early afternoon inhaling nick 's cinnamon-honey waffles , thumbing through the new york times , watching a favorite movie","UNK is now carving out nonnegotiable blocks of uninterrupted , lazy bliss on sundays , during which we spend the morning and early afternoon inhaling nick 's cinnamon-honey waffles , thumbing through the new york times , watching a favorite",2412,tensor(1.3887),with,tune,season,dinner,of,resort,game,play,",",needle,favorite,movie,favorite,scene,movie,tv,movie
2803,25044,movie,"<p> the sequel also sets up the audience , ever so subtly , for the third potter movie","<p> the sequel also sets up the audience , ever so subtly , for the third potter",2412,tensor(1.4672),",",'s,",",",",",",",",is,",",.,",",",",",",'s,",",",",",",to
2774,25223,movie,"the great dialogue was actually the work of frank fenton , a b-movie","the great dialogue was actually the work of frank fenton , a b",2412,tensor(1.3681),of,c,of,b,",",c,",",",",c,",",e,",",",",&@@,&;,",",&l;
2839,25299,movie,"but i spent most of my days in gardening gear pants tucked into UNK scratches , and when necessary a white mesh bug suit that covered me from head to toe and made me look like something out of a 1950s horror movie","but i spent most of my days in gardening gear pants tucked into UNK scratches , and when necessary a white mesh bug suit that covered me from head to toe and made me look like something out of a 1950s horror",2412,tensor(0.4924),.,.,.,.,.,.,.,.,of,.,.,.,.,.,movie,movie,movie
2799,24841,movie,it was like a scene out of a frank capra movie,it was like a scene out of a frank capra,2412,tensor(1.0847),",",'s,",",.,.,",",.,.,.,.,.,.,.,.,.,movie,movie
2878,26589,movie,"headnote tells how to have the real "" juice "" in the industry and opens up about love it seems like just yesterday when a then-unknown teen named omar epps made his major film debut in the critically-acclaimed 1992 movie","headnote tells how to have the real "" juice "" in the industry and opens up about love it seems like just yesterday when a then-unknown teen named omar epps made his major film debut in the critically-acclaimed 1992",2412,tensor(1.4557),.,.,.,letter,the,.,days,",",the,.,.,.,world,season,.,film,movie
2876,25279,movie,"<p> not content with "" scream 's "" satire of horror schlock , "" scary movie","<p> not content with "" scream 's "" satire of horror schlock , "" scary",2412,tensor(1.0103),",",of,of,of,"""",of,'s,'s,",",'s,",",'s,of,of,and,",",to
2889,25532,movie,he resembled something out of an old-fashioned horror movie,he resembled something out of an old-fashioned horror,2412,tensor(0.3456),",",.,",",.,",",",",of,.,.,.,.,.,.,.,.,movie,movie
2829,24864,movie,like in that dumb tarzan movie,like in that dumb tarzan,2412,tensor(0.6387),",",",",",",.,",",",",",",",",.,",",.,.,.,.,.,",",movie
2792,25661,movie,it is like walking into a david lynch movie,it is like walking into a david lynch,2412,tensor(0.7483),'s,'s,.,'s,law,'s,'s,.,'s,house,'s,'s,'s,'s,'s,movie,movie
3006,36833,okay,do n't hit your hand with the chopper and everything will be okay,do n't hit your hand with the chopper and everything will be,2571,tensor(2.3194),done,well,well,ready,done,done,done,done,all,done,all,all,all,all,fine,fine,yours
3192,35317,okay,<p> # alex # is karen okay,<p> # alex # is karen,2571,tensor(2.4537),",",",",.,",",",",",",",",",",'s,",",.,",",lawrence,'s,bli@@,'s,'s
3084,36352,okay,everything 's okay,everything 's,2571,tensor(2.9135),own,a,done,in,.,ready,wrong,going,all,all,all,going,all,going,all,going,going
3012,35383,okay,"ben harcourt why is it some federal thing if i wan na make a call in my in the quiet of my own abby prescott that 's okay , calling 's okay","ben harcourt why is it some federal thing if i wan na make a call in my in the quiet of my own abby prescott that 's okay , calling 's",2571,tensor(2.2002),name,"""","""",name,',attention,a,attention,attention,attention,a,attention,attention,mother,a,name,""""
3146,36624,okay,everything 's going to be okay,everything 's going to be,2571,tensor(1.2723),done,ready,done,done,done,done,done,done,done,done,all,done,all,all,all,different,a
3170,36039,okay,is everything okay,is everything,2571,tensor(1.9288),that,that,",",",",that,to,.,that,that,.,that,.,.,.,.,.,.
3118,36944,okay,"oh-my tom just stop , okay","oh-my tom just stop ,",2571,tensor(2.8519),and,"""",and,"""",and,and,and,and,"""","""",and,"""","""",and,"""","""",""""
3000,35814,okay,i had the feeling things were going to be okay,i had the feeling things were going to be,2571,tensor(2.7552),so,done,done,",",done,so,done,different,different,done,all,done,tough,different,good,done,a
3060,36250,okay,i mean edwin velasquez that 's okay,i mean edwin velasquez that 's,2571,tensor(2.8009),not,a,the,the,all,first,the,the,what,what,all,why,what,what,what,what,what
3031,35900,okay,"honey , are you okay","honey , are you",2571,tensor(2.7727),sure,?,?,going,?,?,?,?,going,?,sure,?,?,?,crazy,?,going
3396,14138,online,- - more online *chat online,- - more online *chat,1285,tensor(2.3538),",",with,with,with,",",",",",",-,-,.,with,with,-,with,with,",",chat
3325,13718,online,<p> * america online,<p> * america,1285,tensor(2.4347),",",",",",",",",",",",",",",",",has,'s,'s,'s,'s,'s,'s,'s,'s
3407,14525,online,requests for permission to make copies of any part of the work should be submitted online,requests for permission to make copies of any part of the work should be submitted,1285,tensor(0.4621),to,to,to,to,to,to,to,to,to,to,to,to,to,to,to,to,to
3370,13855,online,autographed copies may be obtained online,autographed copies may be obtained,1285,tensor(3.1914),from,from,",",from,",",from,from,by,by,from,from,from,by,from,by,from,by
3459,14302,online,"in 2005 , down 78% from 1994 <p> 5 states in which gun dealers outnumber gas stations <p> $8.27 trillion level of federal debt reached last week , causing the bush administration to ask congress to raise the legal limit <p> 4 times the administration has asked congress to raise the debt ceiling in the past five years <p> 1,067 baby crocodiles found in the car of a man in south africa who faces prosecution for illegally possessing and transporting them <p> $10 billion estimated annual value of the market for wildlife trafficking the second largest illegal trade in the world , after drugs <p> 2 million viewers who watched the first day of the 2006 ncaa basketball tournament online","in 2005 , down 78% from 1994 <p> 5 states in which gun dealers outnumber gas stations <p> $8.27 trillion level of federal debt reached last week , causing the bush administration to ask congress to raise the legal limit <p> 4 times the administration has asked congress to raise the debt ceiling in the past five years <p> 1,067 baby crocodiles found in the car of a man in south africa who faces prosecution for illegally possessing and transporting them <p> $10 billion estimated annual value of the market for wildlife trafficking the second largest illegal trade in the world , after drugs <p> 2 million viewers who watched the first day of the 2006 ncaa basketball tournament",1285,tensor(2.4853),",",character,tax,number,sum,",",",",form,.,the,of,day,show,world,year,year,tournament
3329,14639,online,text copyright c 2007 by dan greenburg illustrations copyright c 2007 by scott m. fischer requests for permission to make copies of any part of the work should be submitted online,text copyright c 2007 by dan greenburg illustrations copyright c 2007 by scott m. fischer requests for permission to make copies of any part of the work should be submitted,1285,tensor(0.4885),to,to,to,to,to,to,to,to,to,to,to,to,to,to,to,to,by
3389,14067,online,"we feel that the can-spam law will , when combined with other tools and weapons , have a positive impact , "" says america online","we feel that the can-spam law will , when combined with other tools and weapons , have a positive impact , "" says america",1285,tensor(1.3083),",",",",",",",",",",",",",",",",",",.,.,'s,'s,'s,'s,'s,'s
3476,14546,online,<p> available free online,<p> available free,1285,tensor(3.0767),",",passage,trade,government,trade,of,of,and,",",trade,<p>,.,from,<p>,press,agents,or
3316,14473,online,"everyone who has tried the new high-speed wireless technology loves it from homeowners who use it to network all their computers , to road warriors who can now go online","everyone who has tried the new high-speed wireless technology loves it from homeowners who use it to network all their computers , to road warriors who can now go",1285,tensor(2.5304),to,to,to,to,to,to,on,to,to,on,to,to,to,to,to,to,to
3469,14251,online,"yours , or transmitted in any form or by any means , electronic or mechanical , including photocopy , recording , or any information storage and retrieval UNK requests for permission to make copies of any part of the work should be submitted online","yours , or transmitted in any form or by any means , electronic or mechanical , including photocopy , recording , or any information storage and retrieval UNK requests for permission to make copies of any part of the work should be submitted",1285,tensor(1.0872),to,to,to,to,to,to,to,to,to,to,to,to,to,to,to,to,to
3633,32004,onto,"only a few lights were burning in the homes themselves , and those were probably night-lights , not an indication that anyone was UNK the council house , facing the delfier gate that opened onto","only a few lights were burning in the homes themselves , and those were probably night-lights , not an indication that anyone was UNK the council house , facing the delfier gate that opened",3937,tensor(1.2398),",",upon,on,to,the,into,on,the,the,the,the,the,into,the,on,the,onto
3517,32049,onto,"she unlocked the french doors , slid back the screen , and walked out onto","she unlocked the french doors , slid back the screen , and walked out",3937,tensor(1.6964),to,of,of,into,into,into,into,of,of,of,.,.,.,.,.,of,into
3577,34725,onto,<p> the door swung open directly onto,<p> the door swung open directly,3937,tensor(1.9544),to,",",upon,",",upon,",",behind,behind,into,behind,to,behind,behind,behind,.,to,into
3735,31295,onto,/ but all i 'm doing UNK matter because once you slip into the bathroom or turn on the fan or step back out onto,/ but all i 'm doing UNK matter because once you slip into the bathroom or turn on the fan or step back out,3937,tensor(2.1074),of,of,of,of,of,of,of,of,of,of,of,of,of,of,of,of,of
3654,34479,onto,"he went back , retrieved his kit and the rifle , tossed the pillows back onto","he went back , retrieved his kit and the rifle , tossed the pillows back",3937,tensor(2.1837),",",",",",",",",",",",",",",to,and,into,and,into,and,into,into,",",into
3586,30968,onto,he grafted these homemade squids onto,he grafted these homemade squids,3937,tensor(2.2183),",",",",",",",",",",",",",",",",",",with,into,",",to,into,into,into,into
3507,34677,onto,"stay on the main road for another 20 miles , and turn right onto","stay on the main road for another 20 miles , and turn right",3937,tensor(0.9492),out,into,over,on,over,along,round,over,over,into,on,into,into,to,into,on,on
3547,32615,onto,eventually we reached a road called nemesis and turned right onto,eventually we reached a road called nemesis and turned right,3937,tensor(1.4066),out,into,over,on,out,into,into,into,into,over,up,into,into,into,.,.,into
3690,31301,onto,"<p> new friendships quickly formed in the scrum : one well-dressed gent boldly asked of a tall , sultry blonde , new to his acquaintance , "" do you wax down there UNK striptease atop a staircase , then , mercifully , spilled out onto","<p> new friendships quickly formed in the scrum : one well-dressed gent boldly asked of a tall , sultry blonde , new to his acquaintance , "" do you wax down there UNK striptease atop a staircase , then , mercifully , spilled out",3937,tensor(2.0871),of,of,of,of,of,of,of,of,the,the,of,a,of,a,of,of,onto
3673,32645,onto,how long was it latched onto,how long was it latched,3937,tensor(2.1456),",",?,in,from,?,?,?,?,?,?,?,?,?,in,?,?,up
3859,6406,parking,underground parking,underground,1156,tensor(2.7661),",",",",",",city,",",",",.,lines,",",.,",",.,.,",",.,",",railroad
3937,6795,parking,beach/parking,beach,1156,tensor(2.0881),",",",",",",",",",",",",",",",",",",",",",",",",.,",",",",",",","
3784,6432,parking,maybe it was the dozens of mercedes and bmws in the student parking,maybe it was the dozens of mercedes and bmws in the student,1156,tensor(2.2074),'s,'s,'s,'s,'s,'s,'s,'s,'s,body,room,'s,'s,'s,shop,'s,library
3981,6553,parking,"<p> her eyes are on the parking lot the entire time , but while she fumbles for the phone in the midst of clutter-the gas slips and maps and owner 's manual-she finds herself slipping from the road to the glove box and she does n't wake until it is too late : an suv , one of those lumbering giants , has backed out of its parking","<p> her eyes are on the parking lot the entire time , but while she fumbles for the phone in the midst of clutter-the gas slips and maps and owner 's manual-she finds herself slipping from the road to the glove box and she does n't wake until it is too late : an suv , one of those lumbering giants , has backed out of its",1156,tensor(2.6379),way,way,place,wits,way,way,way,way,own,way,way,own,way,way,own,way,way
3926,7135,parking,your car 's out in the parking,your car 's out in the,1156,tensor(3.0171),woods,woods,woods,sun,street,morning,darkness,back,night,road,morning,road,garage,middle,street,morning,middle
3922,6902,parking,underground parking,underground,1156,tensor(2.7661),",",",",",",city,",",",",.,lines,",",.,",",.,.,",",.,",",railroad
3758,6735,parking,"fiddler 's green parking garage - night 140 <p> footsteps echo as knipp , carrying one of the prada duffles , <p> helps the wounded kaufman across an underground parking","fiddler 's green parking garage - night 140 <p> footsteps echo as knipp , carrying one of the prada duffles , <p> helps the wounded kaufman across an underground",1156,tensor(2.4930),",",",",passage,river,alley,channel,road,passage,thoroughfare,bridge,truck,street,road,screen,street,street,parking
3869,6564,parking,"chapter one "" do n't snap at me , "" edie robinson 's mother said as edie maneuvered maude 's elderly chevrolet nova into the parking","chapter one "" do n't snap at me , "" edie robinson 's mother said as edie maneuvered maude 's elderly chevrolet nova into the",1156,tensor(2.9543),street,kitchen,"""",street,parlor,bargain,room,night,hands,middle,yard,midst,car,rear,distance,car,parking
3877,6929,parking,<p> my tires squealed as i peeled out of the parking,<p> my tires squealed as i peeled out of the,1156,tensor(2.5676),room,way,mist,window,water,door,water,window,corner,car,car,car,car,car,car,water,driveway
3753,7201,parking,"the service station compound was not that big , and as i walked the length of it and took an inventory of every car , i could see that our car , our little maroon station wagon , was n't getting gas and it was n't getting air and it was n't waiting in the parking","the service station compound was not that big , and as i walked the length of it and took an inventory of every car , i could see that our car , our little maroon station wagon , was n't getting gas and it was n't getting air and it was n't waiting in the",1156,tensor(2.9959),world,middle,house,morning,stable,car,street,morning,street,street,car,street,middle,car,parking,car,car
4050,42053,phone,a bit more fumbling in another pocket and he produced his little blue cell phone,a bit more fumbling in another pocket and he produced his little blue cell,4790,tensor(0.0037),",",",",.,.,",",",",.,.,.,.,.,.,.,with,.,.,phone
4046,43553,phone,kawamura pulled a cell phone,kawamura pulled a cell,4790,tensor(0.0129),",",",",",",with,",",",",",",and,from,.,out,door,block,door,from,out,phone
4166,44260,phone,"i was on the opposite side of the street , outside kawamura 's probable range of concern , so i could take a chance on just stopping , maybe to fiddle with a cell phone","i was on the opposite side of the street , outside kawamura 's probable range of concern , so i could take a chance on just stopping , maybe to fiddle with a cell",4790,tensor(0.0052),",",",",",",",",",",in,.,.,.,",",.,.,.,.,",",",",phone
4033,42465,phone,"<p> "" you need to tell kevin hurley that , "" i said as i grabbed my cell phone","<p> "" you need to tell kevin hurley that , "" i said as i grabbed my cell",4790,tensor(0.0057),",",",",",",",",",",and,",",and,and,and,and,door,door,.,door,.,phone
4082,43245,phone,"i hear alison clapping her hands , and then she walks into the kitchen , naked beneath an open aerosmith tour robe , a cell phone","i hear alison clapping her hands , and then she walks into the kitchen , naked beneath an open aerosmith tour robe , a cell",4790,tensor(0.0115),",",",",of,",",of,in,in,in,in,in,in,",",door,door,of,of,phone
4079,41281,phone,and he wo n't respond to the messages i 've left on his cell phone,and he wo n't respond to the messages i 've left on his cell,4790,tensor(0.0205),",",.,.,.,.,.,.,.,.,.,.,.,door,.,.,.,phone
4008,40360,phone,his father fiddles with his cell phone,his father fiddles with his cell,4790,tensor(0.0194),",",",",",",",",",",",",",",in,.,door,.,.,door,.,.,.,phone
4017,41252,phone,i had leonardo dicaprio 's cell phone,i had leonardo dicaprio 's cell,4790,tensor(0.0182),",",",",",",",",",",",",",",",",",",",",in,and,.,.,",",",",phone
4159,43870,phone,"ask at the door , did you make a call from a pay phone","ask at the door , did you make a call from a pay",4790,tensor(0.0116),?,?,?,?,?,?,office,officer,officer,envelope,roll,clerk,broker,phone,phone,phone,phone
4001,42345,phone,removing his cell phone,removing his cell,4790,tensor(0.0118),",",",",",",",",",",",",from,",",.,.,.,wall,.,.,.,.,phone
4352,39879,photo,<p> photo : shades of the kgb : litvinenko accused putin of conspiring to poison him <p> photo : fsb headquarters <p> photo : in memoriam : mourning the death of writer anna politkovskaya <p> photo <p> UNK photo <p> photo <p> photo,<p> photo : shades of the kgb : litvinenko accused putin of conspiring to poison him <p> photo : fsb headquarters <p> photo : in memoriam : mourning the death of writer anna politkovskaya <p> photo <p> UNK photo <p> photo <p>,2780,tensor(0.0739),i,la@@,",",to@@,.,to,ess@@,en,.,the,in,sirs,sir,sir,by,cover,photo
4448,38498,photo,snowbird ski and summer resort cloudveil mountain works the cliff lodge honey stinger illustration color photo : lee cohen tester : bj brewer color photo : lee cohen tester : craig hatton color photo : gear photography by doug roma/westphal 1 color photo : gear photography by doug roma/westphal 2 color photo : gear photography by doug roma/westphal 3 color photo : gear photography by doug roma/westphal 4 color photo : gear photography by doug roma/westphal 5 color photo : lee cohen tester : bj brewer color photo : gear photography by doug roma/westphal 1 color photo : gear photography by doug roma/westphal 2 color photo : gear photography by doug roma/westphal 3 color photo : gear photography by doug roma/westphal 4 color photo : gear photography by doug roma/westphal 5 color photo : gear photography by doug roma/westphal 1 color UNK : gear photography by doug roma/westphal 3 color photo : gear photography by doug roma/westphal 4 color photo : gear photography by doug roma/westphal 5 color photo : gear photography by doug roma/westphal 6 color photo : gear photography by doug roma/westphal 7 color photo : gear photography by doug roma/westphal 8 color photo : gear photography by doug roma/westphal 9 color photo : gear photography by doug roma/westphal 1 color photo : gear photography by doug roma/westphal 2 color photo : gear photography by doug roma/westphal 3 color photo : gear photography by doug roma/westphal 4 color photo : gear photography by doug roma/westphal 5 color photo : gear photography by doug roma/westphal 6 color photo,snowbird ski and summer resort cloudveil mountain works the cliff lodge honey stinger illustration color photo : lee cohen tester : bj brewer color photo : lee cohen tester : craig hatton color photo : gear photography by doug roma/westphal 1 color photo : gear photography by doug roma/westphal 2 color photo : gear photography by doug roma/westphal 3 color photo : gear photography by doug roma/westphal 4 color photo : gear photography by doug roma/westphal 5 color photo : lee cohen tester : bj brewer color photo : gear photography by doug roma/westphal 1 color photo : gear photography by doug roma/westphal 2 color photo : gear photography by doug roma/westphal 3 color photo : gear photography by doug roma/westphal 4 color photo : gear photography by doug roma/westphal 5 color photo : gear photography by doug roma/westphal 1 color UNK : gear photography by doug roma/westphal 3 color photo : gear photography by doug roma/westphal 4 color photo : gear photography by doug roma/westphal 5 color photo : gear photography by doug roma/westphal 6 color photo : gear photography by doug roma/westphal 7 color photo : gear photography by doug roma/westphal 8 color photo : gear photography by doug roma/westphal 9 color photo : gear photography by doug roma/westphal 1 color photo : gear photography by doug roma/westphal 2 color photo : gear photography by doug roma/westphal 3 color photo : gear photography by doug roma/westphal 4 color photo : gear photography by doug roma/westphal 5 color photo : gear photography by doug roma/westphal 6 color,2780,tensor(0.0114),th@@,",",'s,white,by,.,to@@,the,x@@,illustration,",",john,"""",",","""",",",:
4407,40099,photo,<p> photo <p> photo <p> photo <p> photo <p> photo <p> photo <p> photo <p> photo <p> photo <p> photo <p> photo <p> photo <p> photo <p> photo <p> photo <p> photo <p> photo,<p> photo <p> photo <p> photo <p> photo <p> photo <p> photo <p> photo <p> photo <p> photo <p> photo <p> photo <p> photo <p> photo <p> photo <p> photo <p> photo <p>,2780,tensor(0.0639),as,.,tu@@,to@@,is,an@@,i,.@@,.,the,in,sirs,<p>,<p>,by,cover,photo
4421,39002,photo,"<p> photo : army of one : bush has begun admitting some shortcomings in the iraq war <p> photo : on message : bush often speaks before prescreened crowds , with signs stressing his theme <p> photo : in the tent : rumors swirl about snow 's leaving and evans 's returning to washington <p> photo : brain trust : bush remains most at home with old austin hands like hughes and rove <p> photo","<p> photo : army of one : bush has begun admitting some shortcomings in the iraq war <p> photo : on message : bush often speaks before prescreened crowds , with signs stressing his theme <p> photo : in the tent : rumors swirl about snow 's leaving and evans 's returning to washington <p> photo : brain trust : bush remains most at home with old austin hands like hughes and rove <p>",2780,tensor(0.0256),ins,e,ards,s.,.,;,t,.,.,the,taft,sirs,rat@@,in,the,a,photo
4462,39468,photo,"to wit , abc 's spy series "" alias "" <p> photo <p> photo <p> photo <p> photo <p> photo <p> photo","to wit , abc 's spy series "" alias "" <p> photo <p> photo <p> photo <p> photo <p> photo <p>",2780,tensor(0.0738),i,wa@@,a,to@@,is,.,i,a,.,sirs,in,sirs,sir,star,by,1,photo
4429,37705,photo,"<p> photo : when the going gets tough , buy new shoes <p> photo : natural appetite suppressant <p> photo <p> photo","<p> photo : when the going gets tough , buy new shoes <p> photo : natural appetite suppressant <p> photo <p>",2780,tensor(0.0709),i,la@@,a,to@@,is,.,ess@@,the,.,sirs,in,sirs,<p>,wed@@,by,1,photo
4447,39303,photo,<p> photo : smokin hot : with alicia keys <p> photo : wearing his other hat rapping in miami <p> photo,<p> photo : smokin hot : with alicia keys <p> photo : wearing his other hat rapping in miami <p>,2780,tensor(0.0401),.,;,tu@@,is,is,.,als,a,.,a,"""",sirs,the,the,the,the,photo
4301,38813,photo,<p> photo <p> photo <p> photo <p> photo <p> photo <p> photo <p> photo <p> photo <p> photo <p> photo <p> photo <p> photo <p> photo <p> photo <p> photo <p> photo <p> photo <p> photo <p> photo <p> photo <p> photo <p> photo <p> photo,<p> photo <p> photo <p> photo <p> photo <p> photo <p> photo <p> photo <p> photo <p> photo <p> photo <p> photo <p> photo <p> photo <p> photo <p> photo <p> photo <p> photo <p> photo <p> photo <p> photo <p> photo <p> photo <p>,2780,tensor(0.0704),ab@@,.,tu@@,i,um,can@@,i,.@@,.,the,in,sirs,sir,<p>,by,cover,photo
4430,39824,photo,richard roeper color photo : step up ; color photo,richard roeper color photo : step up ; color,2780,tensor(0.0454),the,to,",",on,of,",",of,",",;,",",of,",",tv,;,:,photographs,photo
4377,38133,photo,take our workout personality quiz at www.prevention.com/news <p> photo <p> photo <p> photo <p> photo <p> photo <p> photo <p> photo <p> photo <p> photo <p> photo <p> photo <p> photo <p> photo <p> photo <p> photo <p> photo <p> photo <p> photo <p> photo <p> photo <p> photo <p> photo <p> photo,take our workout personality quiz at www.prevention.com/news <p> photo <p> photo <p> photo <p> photo <p> photo <p> photo <p> photo <p> photo <p> photo <p> photo <p> photo <p> photo <p> photo <p> photo <p> photo <p> photo <p> photo <p> photo <p> photo <p> photo <p> photo <p> photo <p>,2780,tensor(0.0766),i,.,tu@@,to@@,is,.,c@@,tics,m,the,in,sirs,sir,<p>,by,cover,photo
4537,30272,program,"for example , linnehan reported that participation in a work-based mentoring program","for example , linnehan reported that participation in a work-based mentoring",3642,tensor(0.2252),of,",",was,was,",",of,of,law,of,board,of,system,force,program,industry,system,program
4701,30714,program,<p> photo : the space science e/po program,<p> photo : the space science e/po,3642,tensor(0.6111),",",",",",",",",",",",",",",",",",",",",.,",",",",rocket,",",:,.
4666,27599,program,"the most thorough of these studies-a report by the general accounting office-concluded that by 1994 , two out of every three applicants for the ssi program","the most thorough of these studies-a report by the general accounting office-concluded that by 1994 , two out of every three applicants for the ssi",3642,tensor(0.2456),",",of,",",//,",",//,",",",",were,and,of,",",ssi,",",ble,",",had
4567,30411,program,students want to make UNK if they successfully complete the rce program,students want to make UNK if they successfully complete the rce,3642,tensor(0.2589),of,",",of,",",of,of,of,of,?,of,of,.,of,",",",",",",","
4703,30218,program,study that reported they did not change their career goal while attending the rce program,study that reported they did not change their career goal while attending the rce,3642,tensor(0.2619),.,of,of,.,of,school,of,?,.,.,.,.,club,school,.,program,.
4603,30167,program,<p> these two dimensions and their specific items provide direction for higher education administrators to find motivational procedures to maintain and/or increase the job satisfaction of their mid-level campus recreation program,<p> these two dimensions and their specific items provide direction for higher education administrators to find motivational procedures to maintain and/or increase the job satisfaction of their mid-level campus recreation,3642,tensor(0.2924),.,.,of,of,.,.,.,.,.,.,.,.,.,.,.,area,programs
4501,29741,program,reporters-from leftist alexander cockburn in the nation to christopher georges in the conservative forbes mediacriticwere sharply critical of the journalism that had helped spur the attack on the ssi program,reporters-from leftist alexander cockburn in the nation to christopher georges in the conservative forbes mediacriticwere sharply critical of the journalism that had helped spur the attack on the ssi,3642,tensor(0.3105),",",of,.,of,",",//,.,.,.,and,.,.,tory,.,ble,.,.
4607,27284,program,hassan also hired a personal trainer to begin a regular exercise program,hassan also hired a personal trainer to begin a regular exercise,3642,tensor(0.3123),of,of,of,of,of,of,.,of,.,.,of,of,at,of,of,in,program
4602,27633,program,"although the review of literature provided some guidelines for the formulation of the scras , there has not been a well-developed theoretical structure for studying job satisfaction of mid-level campus recreation program","although the review of literature provided some guidelines for the formulation of the scras , there has not been a well-developed theoretical structure for studying job satisfaction of mid-level campus recreation",3642,tensor(0.3686),",",.,of,of,.,.,.,.,.,.,.,.,.,.,.,.,.
4593,27291,program,"the firm has offered tamper-resistant prescription pads in maine and other states , and it expects to help pay for a federal pilot program","the firm has offered tamper-resistant prescription pads in maine and other states , and it expects to help pay for a federal pilot",3642,tensor(0.5019),.,.,.,.,.,.,.,.,.,'s,'s,.,'s,program,.,.,'s
4789,15654,programs,"and affiliated groups attacked the lack of diversity on tv and threatened boycotts in 1999 , the networks recast series , appointed diversity czars and instituted minority recruitment and training programs","and affiliated groups attacked the lack of diversity on tv and threatened boycotts in 1999 , the networks recast series , appointed diversity czars and instituted minority recruitment and training",1718,tensor(1.1217),of,of,of,",",",",from,in,",",camps,in,camps,programs,programs,programs,.,programs,programs
4988,14803,programs,<p> marketing implications <p> the findings from this study are helpful to rehabilitation counselor educators developing marketing and recruitment strategies for rce programs,<p> marketing implications <p> the findings from this study are helpful to rehabilitation counselor educators developing marketing and recruitment strategies for rce,1718,tensor(0.5769),",",",",and,and,",",",",in,",",ce,the,.,.,'s,.,and,.,students
4859,16124,programs,develop host family and mentoring programs,develop host family and mentoring,1718,tensor(0.9777),of,.,",",",",the,life,in,",",.,.,the,the,friends,.,.,the,programs
4896,16070,programs,far too many music teacher education programs,far too many music teacher education,1718,tensor(1.1832),",",",",",",",",.,",",.,",",",",.,has,",",",",",",.,",",programs
4916,15442,programs,imagine the role that student will acquire in secondary school arts programs,imagine the role that student will acquire in secondary school arts,1718,tensor(1.3798),",",",",",",",",",",.,.,and,.,.,.,.,.,.,.,.,.
4899,15873,programs,"if we want to break the pattern of new teachers who , on entering the field , revert to teaching as they were UNK we provide in their teacher education programs","if we want to break the pattern of new teachers who , on entering the field , revert to teaching as they were UNK we provide in their teacher education",1718,tensor(1.5119),",",",",",",",",",",for,",",",",the,",",the,and,for,",",.,to,programs
4810,15363,programs,"richard rodistein , of the liberal economic policy institute , insists diat "" things have gotten much better than UNK after-school programs , smaller classes , and better special-education programs","richard rodistein , of the liberal economic policy institute , insists diat "" things have gotten much better than UNK after-school programs , smaller classes , and better special-education",1718,tensor(1.5446),.,",",",",",",than,",",.,.,.,.,systems,.,programs,programs,programs,programs,programs
4779,16137,programs,the department seeks an approach that allows schools to structure their athletics programs,the department seeks an approach that allows schools to structure their athletics,1718,tensor(1.4283),",",.,",",",",.,.,.,.,and,and,.,and,.,.,.,to,.
4844,15253,programs,"<p> instead , philosophical writings during the early 1980s reflected a professional uneasiness stemming from a different source , as government economic policies began to channel funding away from the nation 's public schools , and arts education programs","<p> instead , philosophical writings during the early 1980s reflected a professional uneasiness stemming from a different source , as government economic policies began to channel funding away from the nation 's public schools , and arts education",1718,tensor(1.5724),.,were,and,",",were,.,and,",",was,",",was,.,.,was,.,was,programs
4952,15240,programs,"but , as we discovered in massachusetts , most teacher training programs","but , as we discovered in massachusetts , most teacher training",1718,tensor(0.7582),",",",",was,was,in,the,is,is,in,is,was,in,is,was,is,is,programs
5047,24214,radio,"<p> and cbs radio could little afford to lose mr. imus 's cash stream , as it continues to reel from both the defection of howard stern to sirius satellite radio","<p> and cbs radio could little afford to lose mr. imus 's cash stream , as it continues to reel from both the defection of howard stern to sirius satellite",1996,tensor(0.3718),",",",",.,",",.,.,.,",",.,.,iii,star,.,.,.,.,tv
5037,23525,radio,"0 0 0 0 174,967 29,327,080 29,502,047 3 141 hugh panero , president and ceo xm satellite radio holdings inc. 476,854 575,850 1,052,704 0 5,668 27,699,437 28,757,809 4 133 gary parsons , chairman xm satellite radio","0 0 0 0 174,967 29,327,080 29,502,047 3 141 hugh panero , president and ceo xm satellite radio holdings inc. 476,854 575,850 1,052,704 0 5,668 27,699,437 28,757,809 4 133 gary parsons , chairman xm satellite",1996,tensor(0.6205),",",",",",",",",",",",",",",",",",",",",4@@,states,",",",",",",",",12@@
5105,24393,radio,"11 , 2001 , drew an outpouring of appreciation after she read it on national public radio","11 , 2001 , drew an outpouring of appreciation after she read it on national public",1996,tensor(0.2649),.,subjects,subjects,affairs,principles,occasions,occasions,lands,lines,lands,.,relations,relations,television,television,television,television
5005,23305,radio,the esoteric album barely registered on commercial radio,the esoteric album barely registered on commercial,1996,tensor(1.2437),grounds,grounds,occasions,business,principles,and,matters,lines,paper,paper,paper,street,tv,television,television,television,television
5180,23340,radio,he switched on the radio,he switched on the,1996,tensor(1.6092),floor,floor,other,head,floor,back,table,other,light,lights,light,light,lights,light,radio,light,radio
5170,23414,radio,"it can be thrilling and scary at the same time , "" weiss says of hearing the band 's music on the radio","it can be thrilling and scary at the same time , "" weiss says of hearing the band 's music on the",1996,tensor(0.8302),breeze,subject,lake,stage,mount,stage,hill,piano,street,stage,other,stage,radio,piano,radio,radio,radio
5230,23533,radio,"growing up in a small town in vermont , where his family managed a resort hotel , and later in the new york suburbs , he listened to jazz on the radio","growing up in a small town in vermont , where his family managed a resort hotel , and later in the new york suburbs , he listened to jazz on the",1996,tensor(0.6932),scene,subject,subject,way,subject,subject,way,streets,way,stage,streets,street,radio,radio,radio,radio,radio
5193,24562,radio,excerpted on national public radio,excerpted on national public,1996,tensor(1.3517),opinion,feeling,affairs,occasions,affairs,opinion,life,affairs,life,utility,buildings,welfare,opinion,opinion,television,television,opinion
5068,22871,radio,"the ground was hard with frost , and the air so UNK band hansen could hear it on the captain 's radio","the ground was hard with frost , and the air so UNK band hansen could hear it on the captain 's",1996,tensor(0.8003),shoulders,deck,side,ear,side,side,cabin,table,desk,face,deck,desk,side,radio,radio,face,radio
5059,24052,radio,<p> publisher UNK segment for her talk show on sirius satellite radio,<p> publisher UNK segment for her talk show on sirius satellite,1996,tensor(0.4629),",",",",",",",",",",.,.,",",.,",",iii,'s,.,.,",",.,.
5370,12916,sidebar,"sidebar khalil younes , electronic uterus , 2005 sidebar","sidebar khalil younes , electronic uterus , 2005",681,tensor(0.8028),",",",",the,.,.,the,",",vol@@,y@@,",",u.s.,",",",",s@@,s.,",",","
5350,13074,sidebar,sidebar four myths of working at home sidebar,sidebar four myths of working at home,681,tensor(0.8132),",",",",",",.,",",",",",",",",",",.,",",.,and,.,",",.,:
5458,12906,sidebar,photograph sidebar taller that 's how you look to others when your spine 's aligned photograph sidebar,photograph sidebar taller that 's how you look to others when your spine 's aligned photograph,681,tensor(0.7770),"""",.,is,is,is,is,.,is,is,is,is,is,is,is,is,is,//
5367,13408,sidebar,sidebar annual cancer funding : $14.4 billion sidebar,sidebar annual cancer funding : $14.4 billion,681,tensor(1.0153),",",'s,of,",",",",",",",",.,dollars,net,.,.,.,in,.,in,<p>
5275,13063,sidebar,"sidebar pronghorn antelope 7.5x5cm southwest , rockies , high plains sidebar","sidebar pronghorn antelope 7.5x5cm southwest , rockies , high plains",681,tensor(1.1276),",",",",",",",",",",",",",",",",",",",",",",",",",",",",",",",",","
5326,13322,sidebar,sidebar your perfect cut starts here sidebar how to choose the style that 's right for you sidebar,sidebar your perfect cut starts here sidebar how to choose the style that 's right for you,681,tensor(1.0913),.,",",to,!,to,!,.,.,.,.,.,.,.,.,.,.,//
5434,13087,sidebar,sidebar dahlia cutting tips sidebar,sidebar dahlia cutting tips,681,tensor(1.0880),",",of,of,of,",",",",of,of,of,of,",",and,on,",",.,on,*
5447,12839,sidebar,"sidebar coyote 5.5 x 4.5 cm southwest , rockies , high plains sidebar","sidebar coyote 5.5 x 4.5 cm southwest , rockies , high plains",681,tensor(1.0818),",",",",",",",",",",",",",",",",",",",",4@@,",",",",",",",",",",","
5487,13182,sidebar,sidebar read this to stay safe sidebar,sidebar read this to stay safe,681,tensor(0.8167),",",.,",",.,.,",",",",",",.,.,.,.,.,.,.,from,","
5260,12986,sidebar,pack into UNK sidebar broccoli varieties sidebar,pack into UNK sidebar broccoli varieties,681,tensor(0.9395),",",of,",",",",",",",",",",",",",",",",of,",",",",of,.,",",sidebar
5683,20997,television,then the conversation turned to the eurovision song competition that they - along with most israelis - had watched on television,then the conversation turned to the eurovision song competition that they - along with most israelis - had watched on,1897,tensor(0.8798),the,the,the,the,the,the,the,the,the,the,the,the,the,television,the,television,the
5619,21400,television,"take the lack of reporting about missing african american women : kristal brent zook , an associate professor of journalism at hofstra university and author of the forthcoming / see black people : interviews with african american owners of radio and television","take the lack of reporting about missing african american women : kristal brent zook , an associate professor of journalism at hofstra university and author of the forthcoming / see black people : interviews with african american owners of radio and",1897,tensor(0.6424),the,indian,african,the,the,other,the,indian,telephone,telegraph,american,radio,television,television,television,television,television
5593,21275,television,i do n't really watch much television,i do n't really watch much,1897,tensor(0.9865),about,",",",",",",.,",",",",of,.,of,",",",",of,of,of,television,television
5557,21072,television,<p> * which current television,<p> * which current,1897,tensor(0.2082),",",from,winds,has,the,is,current,in,in,business,year,in,from,is,and,tax,shows
5663,20598,television,"the ensuing speech impediment is sufficient to end his on-air career and he finds himself , recently divorced , now unemployed , at home and watching altogether too much television","the ensuing speech impediment is sufficient to end his on-air career and he finds himself , recently divorced , now unemployed , at home and watching altogether too much",1897,tensor(1.0637),of,for,for,for,for,for,.,of,of,for,for,of,of,of,work,of,.
5648,21966,television,"minerals and fiber supplements everywhere we look , from magazines and newspapers to radio and television","minerals and fiber supplements everywhere we look , from magazines and newspapers to radio and",1897,tensor(1.1755),other,other,the,the,other,to,the,from,magazine,from,radio,radio,television,television,television,television,television
5581,20258,television,<p> * which current television,<p> * which current,1897,tensor(0.2082),",",from,winds,has,the,is,current,in,in,business,year,in,from,is,and,tax,shows
5546,20361,television,"thirty-two years of diligent service to his people , and they tossed him out in favor of a younger man with radio and television","thirty-two years of diligent service to his people , and they tossed him out in favor of a younger man with radio and",1897,tensor(1.3211),his,a,a,a,a,his,his,his,a,radio,television,radio,television,television,tv,television,radio
5538,21280,television,<p> * which current television,<p> * which current,1897,tensor(0.2082),",",from,winds,has,the,is,current,in,in,business,year,in,from,is,and,tax,shows
5535,21466,television,<p> * which current television,<p> * which current,1897,tensor(0.2082),",",from,winds,has,the,is,current,in,in,business,year,in,from,is,and,tax,shows
5947,22203,u.s.,"<p> ucsf is renovating one floor of a research building at its parnassus campus , using space opened up by the relocation of other laboratories to ucsf","<p> ucsf is renovating one floor of a research building at its parnassus campus , using space opened up by the relocation of other laboratories to",675,tensor(0.0213),the,be,which,be,the,the,be,the,the,determine,the,help,provide,provide,help,help,enhance
5797,22388,u.s.,he says he does an accumulation of at least 150 sit-ups and 150 push-ups ,he says he does an accumulation of at least 150 sit-ups and 150 push,675,tensor(0.0255),.,",",the,",",him,him,.,them,machines,the,.,around,the,.,the,buttons,them
5985,22395,u.s.,"look , "" she 'd say , when our confidence wavered , "" most start-ups ","look , "" she 'd say , when our confidence wavered , "" most start",675,tensor(0.0360),",",",",up,",",",",out,",",.,.,to,in,.,with,to,with,.,out
5941,22590,u.s.,"the event raises funds for this organization founded by the glogaus , dedicated to helping pediatric patients in need , and their families , at ucsf","the event raises funds for this organization founded by the glogaus , dedicated to helping pediatric patients in need , and their families , at",675,tensor(0.0366),the,the,the,the,the,the,the,the,the,the,least,least,the,the,least,the,least
5849,22556,u.s.,"<p> and a time to die : how american hospitals shape the end of life by sharon r. kaufman : kaufman , professor of medical anthropology at ucsf","<p> and a time to die : how american hospitals shape the end of life by sharon r. kaufman : kaufman , professor of medical anthropology at",675,tensor(0.0381),oxford,pad@@,cambridge,the,the,berlin,the,the,the,harvard,johns,columbia,the,the,the,the,the
5793,22217,u.s.,"workout : i 'm very conscious about my abdominal muscles , so i do 300 sit-ups and 200 push-ups ","workout : i 'm very conscious about my abdominal muscles , so i do 300 sit-ups and 200 push",675,tensor(0.0435),",",",",on,",",the,me,.,',gear,my,me,the,buttons,.,.,buttons,my
5773,22350,u.s.,had the ussr,had the,675,tensor(0.0444),satisfaction,power,same,same,power,power,same,best,courage,same,right,same,same,same,same,same,right
5836,22167,u.s.,<p> ucsf,<p>,675,tensor(0.0444),as,.,tu@@,to@@,is,que,i,ed,.,the,<p>,the,the,the,the,<p>,""""
5844,22408,u.s.,"many people say they 're not deserving , they 're loafers , "" said dr. steven a. schroeder , professor of health care and health policy at ucsf","many people say they 're not deserving , they 're loafers , "" said dr. steven a. schroeder , professor of health care and health policy at",675,tensor(0.0187),the,home,the,the,the,the,the,the,the,the,the,the,the,the,the,the,the
5962,22164,u.s.,"<p> for example , one ucsf","<p> for example , one",675,tensor(0.0335),of,of,of,of,of,of,of,of,of,of,of,of,of,of,of,of,of
